cv_id,cv_text,code_rome_manuel,groupe_thematique
CV001,"IBTISSEM RAHIMCONTACTPROFILProfil Data Engineer avec une ouverture vers l’IA, combinant expérience enproduction (ETL, Data Warehouse, Denodo) et travaux académiques enmachine learning et explicabilité (XAI). Expérience en environnement Agilechez EDF. Recherche VIE/CDI Data / Data & IA.+33 6 95 57 19 69ibtissem.rahim@outlook.frGarges-Les-Gonesse, FRFORMATIONUNIVERSITE PARIS NANTERRE - MASTER MIAGE - SIFIABLES ET INTELLIGENCE DES DONNÉES2024 - 20262022 - 2024IUT DE MONTREUIL - DUT INFORMATIQUE2019 - 2022EXPÉRIENCES PROFESSIONNELLESELECTRICITE DE FRANCE ( EDF) - ALTERNANTE DATA ENGINEERINGSeptembre 2024 - Aujourd’huiTravail en équipe de support niveau 3 (SN3), en Agile en collaboration avec les équipes data, MCO et métiersMigration de flux Hadoop vers Oracle avec redéveloppement ETL sous ODI et intégration en Data WarehouseDéveloppement, tests en recette , validation en intégration, rédaction de la doc° technique et transfert de co°.Migration urgente (S3 ? Oracle) avec développement d’un programme Java pour l’extraction et la réintégration des donnéesVirtualisation et exposition de données avec Denodo (création de vues et optimisation SQL) selon les besoins métiersDéveloppement d’une interface métier avec Power Apps pour un référentiel de traitements ODI, afin d’améliorer l’accessibilitéet l’exploitation des données par les équipes projetsExpérimentation d’une IA générative pour automatiser la création de feuilles de route à partir de documents existants dansun contexte de mise en production de flux de donnéesUtilisation d’outils d’IA (BMAD) pour générer une visualisation automatisée des flux de données (data lineage)TECHNOLOGIES 2W- STAGIAIRE DEVELOPPEUSE WEB BACKENDmai - décembre 2023Conception et développement complet du backend d’une application web en Python / DjangoModélisation et mise en place de la base de données MySQLDéveloppement et documentation ‘API REST avec SwaggerMise en place de mécanismes de sécurité (validation des entrées, protection des données)Déploiement sécurisé de l’application (HTTPS, NGINX)Collaboration avec l’équipe frontend pour assurer l’intégration et la cohérence des fonctionnalitésMON AGIL - STAGIAIRE DEVELOPPEUSE WEB BACKENDmai - juillet 2022Développement backend d’applications web en PHP / Symfony dans un environnement DockerRésolution de tickets techniques, correction de bugs et évolution des fonctionnalitésMise à jour et gestion de la base de données associéeMise en place d’outils de supervision des logs pour le suivi et le diagnostic applicatifUtilisation de GitLab pour le versioning et Asana pour le suivi de projetHARD SKILLSData Engineering & Big Data : ETL / Data Integration (Oracle Data Integrator), DataVirtualization (Denodo), Hadoop, Spark, Cassandra, Redis, Data Warehouse, Data LakeBases de données & Requêtes : SQL, PL/SQL, MySQL, Oracle, Oracle SQL DeveloperLangages de programmation : Python, Java, PHP, CAPIs & Architecture : APIs REST, Architecture distribuée (JEE), UMLOutils & Environnement : Git, Maven, Docker, Jenkins, NGINX, Linux, Windows, Eclipse, VSCode, IntelliJGestion de projet : Agile, Scrum, Jira, ConfluenceData & IA / Visualisation : Microsoft Power BI & Power Apps, BMAD, ElasticsearchINTÉRÊTSPhotographieSports automobileLANGUESFrancais (natif)Anglais (C1)SOFT SKILLS AutonomieRigueurOrganisationRésolution de problèmesTravail en équipeCommunicationAdaptabilitéGestion du stressCapacité d’apprentissagePROJETS ACADEMIQUESPROJETS IA / DATADétection du cancer du sein (mémoire) : modèle declassification avec explicabilité (XAI)Machine Learning avec Python : modèles de classificationet régression (Scikit-learn)Pipeline de Machine Learning : pipelines complets(prétraitement, modélisation, validation)UNIVERSITE PARIS NANTERRE - L3 MIAGE- DATA ENGINEER / DATA & AI (JUNIOR)",M1811,Data & IA
CV002,"M a s t e n e M E S S O U Y A I n g Ø n i e u r e n I A e t D a t a S c i e n c e R m e s s o u y a m a s t e n e @ o u t l o o k . c o m | ? l i n k e d i n . c o m / i n / m a s t e n e - m e s s o u y a | (cid:211) 0 7 6 7 3 9 6 8 4 2 ‰ C o l o m b e s ( 9 2 ) | ) M o b i l e s u r t o u t e l a F r a n c e D i p l (cid:244) m Ø d ’ u n M a s t e r e n s c i e n c e s p o u r l ’ i n g Ø n i e u r o r i e n t Ø i n t e l l i g e n c e a r t i (cid:28) c i e l l e , v i s i o n p a r o r d i n a t e u r e t d Ø v e l o p p e m e n t l o g i c i e l , j e s o u h a i t e a u j o u r d ’ h u i m e t t r e (cid:224) p r o (cid:28) t m e s c o m p Ø t e n c e s t e c h n i q u e s e t m a c a p a c i t Ø d ’ a d a p t a t i o n a u s e i n d ’ Ø q u i p e s p r o j e t s , d a n s l e c a d r e d ’ u n p o s t e d ’ i n g Ø n i e u r e n C D I . E x p Ø r i e n c e s P r o f e s s i o n n e l l e s S t a g e - I n g Ø n i e u r D a t a & V i s i o n p a r o r d i n a t e u r A v r . 2 0 2 5 (cid:21) S e p t . 2 0 2 5 E n z a Z a d e n A l l o n e s , F r a n c e (cid:15) C o n c e p t i o n e t i n d u s t r i a l i s a t i o n d ’ u n p i p e l i n e c o m p l e t d e d Ø t e c t i o n e t s e g m e n t a t i o n d ’ i m a g e s b a s Ø s u r Y O L O v 8 / U - N e t , s t r u c t u r Ø p o u r l ’ e n t r a (cid:238) n e m e n t , l ’ i n f Ø r e n c e e t l a g e s t i o n d u c y c l e d e v i e d e s m o d ? l e s ( P y t h o n ) . (cid:15) D Ø v e l o p p e m e n t d ’ u n e a p p l i c a t i o n d e p r Ø d i c t i o n R S h i n y c o n n e c t Ø e (cid:224) u n b a c k e n d P y t h o n , a v e c a u t o m a t i s a t i o n d u c h a r g e m e n t d e s m o d ? l e s , e x Ø c u t i o n d e s t r a i t e m e n t s e t r e s t i t u t i o n d e s r Ø s u l t a t s . (cid:15) A u t o m a t i s a t i o n d e s w o r k (cid:29) o w s G P U d ’ e n t r a (cid:238) n e m e n t e t d e p r Ø d i c t i o n a v e c i n t Ø g r a t i o n d u s t o c k a g e c l o u d A z u r e B l o b S t o r a g e p o u r l a g e s t i o n d e s a r t e f a c t s e t l a s y n c h r o n i s a t i o n d e s d o n n Ø e s . . (cid:15) M i s e e n p l a c e d e m Ø c a n i s m e s d ’ e x p o r t a u t o m a t i q u e d e s m Ø t r i q u e s , t r a (cid:231) a b i l i t Ø d e s r Ø s u l t a t s e t s u p e r v i s i o n d e s p e r f o r m a n c e s m o d ? l e s . (cid:15) O p t i m i s a t i o n d u p r o c e s s u s d e l a b e l l i s a t i o n e t d u p i p e l i n e d ’ a n a l y s e p a r l ’ i n t Ø g r a t i o n d e s o l u t i o n s a u t o m a t i q u e s ( F A S T S A M , S A M 2 ) , d a n s u n e l o g i q u e d ’ a m Ø l i o r a t i o n c o n t i n u e e t d e g a i n d e p r o d u c t i v i t Ø . S t a g e - C o n c e p t i o n d ’ u n m i n i - v Ø h i c u l e a u t o n o m e A v r . 2 0 2 3 (cid:21) J u i n 2 0 2 3 L a b o r a t o i r e (cid:201) n e r g Ø t i q u e M Ø c a n i q u e (cid:201) l e c t r o m a g n Ø t i s m e ( L E M E ) d e l ’ u n i v e r s i t Ø P a r i s N a n t e r r e V i l l e d ’ A v r a y , F r a n c e (cid:15) D Ø v e l o p p e m e n t d ’ u n v Ø h i c u l e a u t o n o m e c a p a b l e d e s u i v r e l ’ u n e d e s t r o i s t r a j e c t o i r e s a u s o l e t d ’ Ø v i t e r d e s o b s t a c l e s (cid:224) l ’ a i d e d e c a p t e u r s ( u l t r a s o n , c o u l e u r . . ) . (cid:15) P r o g r a m m a t i o n e m b a r q u Ø e s u r A r d u i n o p o u r l a g e s t i o n d e l a n a v i g a t i o n e t d e l a d Ø t e c t i o n . P r o j e t s D Ø t e c t i o n e t c l a s s i (cid:28) c a t i o n d e s m o u v e m e n t s d ’ u n j o u e u r d e t e n n i s S e p t . 2 0 2 4 (cid:21) F Ø v . 2 0 2 5 U n i v e r s i t Ø d e R e n n e s R e n n e s , F r a n c e (cid:15) D Ø t e c t i o n e t s u i v i d u j o u e u r (cid:224) l ’ a i d e d e Y O L O - P o s e e t d ’ u n t r a c k i n g m u l t i - f r a m e p o u r m a i n t e n i r u n e i d e n t i t Ø p e r s i s t a n t e e t g Ø r e r l e s o c c l u s i o n s c o u r t e s . (cid:15) A n a l y s e p o s e - c e n t r Ø e a v e c e x t r a c t i o n d e c a r a c t Ø r i s t i q u e s c i n Ø m a t i q u e s ( a n g l e s , v i t e s s e s , l o n g u e u r s ) e t c l a s s i (cid:28) c a t i o n d e s g e s t e s v i a u n r Ø s e a u L S T M s Ø q u e n t i e l . (cid:15) C o n s t r u c t i o n d u p i p e l i n e c o m p l e t : a n n o t a t i o n s o u s C V A T , d a t a a u g m e n t a t i o n , g e s t i o n d u d Ø s Ø q u i l i b r e d e s c l a s s e s . (cid:15) I n f Ø r e n c e e n t e m p s r Ø e l s o u s P y t h o n / P y T o r c h / O p e n C V , i n c l u a n t l ’ Ø v a l u a t i o n d u m o d ? l e ( t r a i n / v a l / t e s t , m a t r i c e s d e c o n f u s i o n , m Ø t r i q u e s F 1 m a c r o & p a r c l a s s e ) . D Ø v e l o p p e m e n t d ’ u n s y s t ? m e d e t r a c k i n g d ’ o b j e t s O c t . 2 0 2 3 (cid:21) F Ø v . 2 0 2 4 U n i v e r s i t Ø d e R e n n e s R e n n e s , F r a n c e (cid:15) C o n c e p t i o n e n P y t h o n d ’ u n s y s t ? m e d e s u i v i d ’ o b j e t s c o m b i n a n t d e s a p p r o c h e s c l a s s i q u e s ( s e g m e n t a t i o n c o u l e u r , c o r r Ø l a t i o n d e m o t i f s ) e t d e s m Ø t h o d e s d e d Ø t e c t i o n p a r a p p r e n t i s s a g e p r o f o n d ( Y O L O v 8 ) . (cid:15) F u s i o n e t s u i v i m u l t i - a l g o r i t h m e s p o u r a m Ø l i o r e r l a r o b u s t e s s e d u t r a c k i n g f a c e a u x c h a n g e m e n t s d e l u m i n o s i t Ø e t d ’ o c c u l t a t i o n p a r t i e l l e . (cid:15) D Ø v e l o p p e m e n t d ’ u n e c a m Ø r a v i r t u e l l e a d a p t a t i v e a j u s t a n t a u t o m a t i q u e m e n t l e c a d r a g e e t l e z o o m d e l ’ o b j e t e n t e m p s r Ø e l s e l o n s a p o s i t i o n e t s a t a i l l e . F o r m a t i o n s M a s t e r 2 E E E A p a r c o u r s I m a g e , S i g n a l o r i e n t Ø V i s i o n p a r o r d i n a t e u r e t I n t e l l i g e n c e A r t i (cid:28) c i e l l e S e p t . 2 0 2 3 (cid:21) A o ß t 2 0 2 5 U n i v e r s i t Ø R e n n e s R e n n e s , F r a n c e (cid:15) M a c h i n e / D e e p L e a r n i n g , A l g o r i t h m e s d ’ o p t i m i s a t i o n , T r a i t e m e n t d ’ i m a g e e t d e s i g n a l . L i c e n c e S c i e n c e s P o u r L ’ i n g Ø n i e u r S e p t . 2 0 2 0 (cid:21) A o ß t 2 0 2 3 U n i v e r s i t Ø P a r i s N a n t e r r e N a n t e r r e , F r a n c e C o m p Ø t e n c e s L a n g a g e s : P y t h o n , R , S Q L , M a t l a b , C + + . O u t i l s e t l o g i c i e l s : V S C o d e , M y S Q L , S p y d e r , O r a c l e , J u p y t e r N o t e b o o k , G o o g l e C o l a b , C o d e : : B l o c k s , I m a g e J , G i t , G i t H u b . B i b l i o t h ? q u e s & F r a m e w o r k s : T e n s o r F l o w , P y T o r c h , S c i k i t - L e a r n , N u m P y , P a n d a s , S e a b o r n , M a t p l o t l i b , O p e n C V e t U l t r a l y t i c s ( Y O L O ) . D a t a S c i e n c e : R Ø g r e s s i o n ( l i n Ø a i r e , l o g i s t i q u e ) , S V M , D e c i s i o n T r e e s , R a n d o m F o r e s t , K - M e a n s , P C A , C r o s s - v a l i d a t i o n , C N N ( U - N e t ) e t L S T M . A t o u t s : (cid:136) A d a p t a b i l i t Ø e t a p p r e n t i s s a g e r a p i d e . (cid:136) A u t o n o m i e e t f o r c e d e p r o p o s i t i o n . (cid:136) M Ø t h o d o l o g i e A g i l e . L a n g u e s A n g l a i s : P r o f e s s i o n n e l K a b y l e : M a t e r n e l l e A r a b e : C o u r a n t C e n t r e s d ’ i n t Ø r Œ t F o o t b a l l , J e u x v i d Ø o ( F c 2 6 . . ) , C u i s i n e .",M1889,Data & IA
CV003,"HANAOURAGHENEFORMATIONCONTACTE-mail : houraghene@gmail.comNuméro : 0635397671Île-de-FrancePermis BCOMPÉTENCESDevOps & InfraDocker · Docker Compose · Git · GitLab · nginx · GitHub Actions ·Linux (Ubuntu, Debian, Fedora) · Shell · VirtualBoxSécuritéSSL/TLS · Certbot · PKI · Obfuscation (PyArmor, Dotfuscator) · Notionsde cryptographieDéveloppementNode.js (Express.js) · Python · JavaScript · React.js · C · SQL ·MongoDB · PostmanLow-code & OutilsPowerApps · SharePoint Cloud & Data (Projets académiques)AWS WorkSpaces · Spark / Hadoop / Snowflake · Kafka · KubernetesTECHNIQUESLANGUESFrançais : BilingueAnglais : Compétence professionnelle Arabe : Compétence professionnelleMASTER MIAGE - UNIVERSITÉ PARIS NANTERREDe septembre 2024 à juillet 2026 - Mention Systèmes d'information fiableset intelligence des donnéesLICENCE INFORMATIQUE ET GESTION - SORBONNEUNIVERSITÉDe septembre 2021 à juin 2024 - Mention BienEXPÉRIENCES PROFESSIONNELLESINGENIEURE DEVOPS EN ALTERNANCENaTran R&I, 2024 - Aujourd’huiIndustrialisation d'une application web legacy (Node.js + MongoDB)Piloté de la modernisation d'une application en production : audit del'existant, structuration de la roadmap DevSecOps, coordination avecles parties prenantesContribué à la containerisation de l'application via Docker multi-environnements (prod/recette), réduisant les risques liés auxenvironnements non isolésAssuré la continuité du service en production en prenant en charge lagestion des certificats SSL/TLS (renouvellement, coordination)Initié le versioning GitLab du projet, posant les bases d'une gestionreproductible du code et de la configurationMené un POC d'obfuscation (PyArmor, Dotfuscator) pour protéger lepatrimoine applicatif contre la rétro-ingénierieStructuration & acculturation DevSecOpsConçu un wiki technique, facilitant l'onboarding des nouveauxdéveloppeurs et la capitalisation des connaissancesAnimé une communauté interne de développeurs, accélérant l'adoptiondes pratiques DevOps au sein des équipes CENTRES D'INTÉRÊTLittérature : membre d'un club de littératureNutrition & santéFinance/économie, histoire, géopolitique,philosophieENGAGEMENT ASSOCIATIF2022 - Membre de SCAT : Associationengagée dans la transmission de valeurs etl’accompagnement des jeunesOrganisation et coordination de webinairesmensuelsGestion des intervenants et préparation dessessionsAnimation et modération live",M1827,Cloud & DevOps
CV004,"Thomas ROSSELETEtudiant en programmationInformatiqueRecherche StageContactthomas.rosselet@gmail.com+33 0651742596https://thomas-rosselet-portfolio.onrender.comExpérience professionnelleJuin 2025 - Août 2025Projet – PaperStrike (Unity)Participation au développementd’un jeu publié sur Android et iOSTravail sur gameplay, intégrationUnity et optimisationTravail en équipeProjet – ThomasEngineDéveloppement d’un moteur de jeufrom scratch en C++ avec DirectX 12Gestion du rendu, architecture moteuret performanceImplémentation de systèmes basniveauAoût 2025 - Aujourd’hui2 Games Jams / projets UnityDéveloppement rapide de prototypesCréation de shadersTravail sous contraintes de tempsScolaritéBaccalauréat généralSpécialité Mathématiques / AMCLycée Marie Reynoard38190 Villard-BonnotJuin 2023Bachelor Développeur Informatique 69003 LyonOctobre 2026Gaming CampusCompétencesTechniquesLanguesAnglais C1Espagnol B1 / B2ProgrammationProgrammation orientée objetProgrammation bas niveauOptimisation & performanceArchitecture moteurDéveloppement d’outilsLangagesC++C#CPythonHLSLCentres D’intérêtsBadmintonFilms - SériesPop CultureJanvier 2025Projet – MultiplayerCréation d’une communicationServeur - Client avec WinSock2Utilisation de threads pour gérer leflux de communicationSynchronisation temps réel etgestion de packets TCP / UDPJanvier 2026Projet – Editeur AudioCréation d’un émetteur et d’un écouteuravec XAudio2Spacialisation 3D à l’aide de XAudio3DParsing / Serialisation de fichier WAVEEdition de sons : couper, coller,enveloppes de courbes d’amplitudesNovembre 2024Projet – Intelligence ArtificielleCréation d’un match de rugby entre IAavec SFML pour le rendu graphiqueUtilisation de State Machine pourdéfinir l’action de l’IA",M1805,Développement logiciel
CV005,"M a n e l G U E M M A T D a t a M o d e l l e r / B u s i n e s s A n a l y s t D a t a R m a n e l g u e m m a t 6 @ g m a i l . c o m | ? l i n k e d i n . c o m / i n / m a n e l - g u e m m a t | (cid:211) 0 7 6 3 5 8 4 9 6 9 ‰ A s n i ? r e s - s u r - S e i n e ( 9 2 ) | (cid:11) C D I (cid:224) p a r t i r d e s e p t e m b r e 2 0 2 6 P r o (cid:28) l h y b r i d e d a t a e t m Ø t i e r o r i e n t Ø m o d Ø l i s a t i o n m Ø t i e r , q u a l i t Ø d e s d o n n Ø e s e t B u s i n e s s I n t e l l i g e n c e . C a p a b l e d e f a i r e l e l i e n e n t r e Ø q u i p e s f o n c t i o n n e l l e s e t t e c h n i q u e s p o u r s t r u c t u r e r , (cid:28) a b i l i s e r e t v a l o r i s e r l e s d o n n Ø e s a u s e r v i c e d u p i l o t a g e e t d e l a t r a n s f o r m a t i o n d i g i t a l e . E x p Ø r i e n c e s p r o f e s s i o n n e l l e s D a t a A r c h i t e c t e e n a l t e r n a n c e D e p u i s s e p t . 2 0 2 4 E D F M o n t r o u g e , F r a n c e (cid:136) P a r t i c i p a t i o n a u x a t e l i e r s m Ø t i e r s : r e c u e i l d e s b e s o i n s , f o r m a l i s a t i o n d e s d i c t i o n n a i r e s d e d o n n Ø e s e t v a l i d a t i o n d e s m o d ? l e s . (cid:136) M o d Ø l i s a t i o n d e d o n n Ø e s m Ø t i e r s e n U M L d a n s V i s i o , M o d e l i o e t l e r Ø f Ø r e n t i e l i n t e r n e R O D I N s u r d e s s u j e t s d ’ i n g Ø n i e r i e n u c l Ø a i r e l i Ø s a u c y c l e d e v i e i n d u s t r i e l , a u g Ø n i e c i v i l e t (cid:224) l a m a (cid:238) t r i s e d e s r i s q u e s e n c e n t r a l e . (cid:136) R Ø a l i s a t i o n d e m a p p i n g s m Ø t i e r s e t a p p l i c a t i f s s u r l e s d o n n Ø e s d e p l a n n i n g p o u r (cid:28) a b i l i s e r l e s r Ø f Ø r e n t i e l s e t a m Ø l i o r e r l a t r a (cid:231) a b i l i t Ø d e l ’ i n f o r m a t i o n . (cid:136) M i s e e n q u a l i t Ø d e s d o n n Ø e s : c o n t r (cid:244) l e d e c o m p l Ø t u d e , d Ø t e c t i o n d e s d o u b l o n s , n o r m a l i s a t i o n d e s f o r m a t s e t e n r i c h i s s e m e n t d e s m Ø t a d o n n Ø e s . (cid:136) D Ø v e l o p p e m e n t d e r e q u Œ t e s S Q L , d e s c r i p t s P y t h o n e t d e t a b l e a u x d e b o r d P o w e r B I / D A X p o u r a u t o m a t i s e r l e s c o n t r (cid:244) l e s , p r o d u i r e d e s K P I e t s u i v r e l ’ a v a n c e m e n t d e s c h a n t i e r s d a t a . (cid:136) R Ø d a c t i o n d e s p Ø c i (cid:28) c a t i o n s t e c h n i q u e s , d e d o c u m e n t a t i o n s f o n c t i o n n e l l e s e t d e s u p p o r t s d e f o r m a t i o n a (cid:28) n d e f a c i l i t e r l ’ a p p r o p r i a t i o n d e s o u t i l s p a r l e s u t i l i s a t e u r s . D Ø v e l o p p e u s e F u l l S t a c k e n a l t e r n a n c e S e p t . 2 0 2 3 (cid:21) S e p t . 2 0 2 4 V I D E M U S A r c u e i l / C a c h a n , F r a n c e (cid:136) D Ø v e l o p p e m e n t d ’ u n e i n t e r f a c e t y p e Ø d i t e u r d e c o d e e n C # p o u r u n e s o l u t i o n d e p i l o t a g e e t d e c o n t r (cid:244) l e a u d i o v i s u e l . (cid:136) R Ø a l i s a t i o n d e t e s t s f o n c t i o n n e l s a (cid:28) n d e v a l i d e r l e c o m p o r t e m e n t d e l ’ a p p l i c a t i o n e t d Ø t e c t e r l e s a n o m a l i e s . P r o j e t s a c a d Ø m i q u e s M Ø m o i r e d e (cid:28) n d ’ Ø t u d e s s u r l a p r Ø d i c t i o n d e p r i x A i r b n b p a r a p p r o c h e m u l t i m o d a l e N o v . 2 0 2 5 (cid:21) J u i n 2 0 2 6 U n i v e r s i t Ø P a r i s N a n t e r r e N a n t e r r e , F r a n c e (cid:136) P r Ø d i c t i o n d e p r i x d e l o c a t i o n A i r b n b (cid:224) p a r t i r d e d o n n Ø e s t a b u l a i r e s , t e x t u e l l e s e t v i s u e l l e s : p r Ø p a r a t i o n d e s d o n n Ø e s , c o m p a r a i s o n d e m o d ? l e s d e r Ø g r e s s i o n R a n d o m F o r e s t , C a t B o o s t e t L i g h t G B M , a n a l y s e d e s e n t i m e n t d e s a v i s a v e c B E R T , e x t r a c t i o n d e c a r a c t Ø r i s t i q u e s v i s u e l l e s a v e c u n m o d ? l e p r Ø - e n t r a (cid:238) n Ø E (cid:24) i c i e n t N e t p u i s i n t e r p r Ø t a t i o n d e s p e r f o r m a n c e s . A n a l y s e d Ø c i s i o n n e l l e Ø l e c t o r a l e S e p t . 2 0 2 5 (cid:21) N o v . 2 0 2 5 U n i v e r s i t Ø P a r i s N a n t e r r e N a n t e r r e , F r a n c e (cid:136) C o n c e p t i o n d ’ u n D a t a W a r e h o u s e S n o w (cid:29) a k e a v e c m o d Ø l i s a t i o n e n Ø t o i l e e t a n a l y s e t e r r i t o r i a l e d ’ i n d i c a t e u r s Ø l e c t o r a u x v i a d e s t a b l e a u x d e b o r d P o w e r B I e t d e s v i s u a l i s a t i o n s a v e c P l o t l y , M a t p l o t l i b e t S e a b o r n . A n a l y s e d e s t w e e t s C o v i d - 1 9 F Ø v . 2 0 2 4 (cid:21) A v r . 2 0 2 4 U n i v e r s i t Ø P a r i s N a n t e r r e N a n t e r r e , F r a n c e (cid:136) A n a l y s e d e d o n n Ø e s t e x t u e l l e s i s s u e s d e T w i t t e r : n e t t o y a g e , t r a i t e m e n t N L P , e x t r a c t i o n d e t e n d a n c e s e t v i s u a l i s a t i o n g r a p h e s d e s i n t e r a c t i o n s u t i l i s a t e u r s a v e c N e t w o r k X e t G e p h i . G e s t i o n d ’ u n p a r c d ’ a t t r a c t i o n s F Ø v . 2 0 2 3 (cid:21) J u i n 2 0 2 3 U n i v e r s i t Ø P a r i s N a n t e r r e N a n t e r r e , F r a n c e (cid:136) E x t r a c t i o n e t a n a l y s e d e d o n n Ø e s e n S Q L p o u r s u i v r e l ’ a c t i v i t Ø d e s a t t r a c t i o n s , l e s (cid:29) u x v i s i t e u r s e t p r o d u i r e d e s i n d i c a t e u r s d ’ a i d e a u p i l o t a g e . B o u t i q u e e n l i g n e S e p t . 2 0 2 2 (cid:21) D Ø c . 2 0 2 2 U n i v e r s i t Ø d e L i l l e L i l l e , F r a n c e (cid:136) C r Ø a t i o n d ’ u n e b o u t i q u e e n l i g n e (cid:224) p a r t i r d ’ u n c a t a l o g u e d ’ a r t i c l e s a v e c n a v i g a t i o n e n t r e l e s p a g e s e t i n t e r a c t i o n s d y n a m i q u e s e n H T M L , C S S e t J a v a S c r i p t D i p l (cid:244) m e s e t f o r m a t i o n s M a s t e r M I A G E p a r c o u r s I n t e l l i g e n c e d e s d o n n Ø e s D e p u i s s e p t . 2 0 2 4 U n i v e r s i t Ø P a r i s N a n t e r r e N a n t e r r e , F r a n c e L i c e n c e M I A G E ( M Ø t h o d e s I n f o r m a t i q u e s A p p l i q u Ø e s (cid:224) l a G e s t i o n d e s E n t r e p r i s e s ) S e p t . 2 0 2 2 (cid:21) J u i l . 2 0 2 4 U n i v e r s i t Ø P a r i s N a n t e r r e N a n t e r r e , F r a n c e L i c e n c e 1 M a t h Ø m a t i q u e s e t I n f o r m a t i q u e S e p t . 2 0 2 1 (cid:21) J u i n 2 0 2 2 U n i v e r s i t Ø d e L i l l e L i l l e , F r a n c e C o m p Ø t e n c e s R e p o r t i n g & p i l o t a g e : t a b l e a u x d e b o r d P o w e r B I , D A X , s u i v i d e K P I , A n a l y s e d e d o n n Ø e s : E x c e l , p a n d a s , N u m P y , V i s u a l i s a t i o n : M a t p l o t l i b , S e a b o r n , P l o t l y . B a s e s r e l a t i o n n e l l e s : M y S Q L , P o s t g r e S Q L , O r a c l e , B a s e s N o S Q L / g r a p h e s : M o n g o D B , C a s s a n d r a , N e o 4 j . A r c h i t e c t u r e d a t a : D a t a W a r e h o u s e , D a t a L a k e , F l u x & B i g D a t a : A p a c h e K a f k a , A p a c h e S p a r k , M a p R e d u c e . M o d Ø l i s a t i o n m Ø t i e r : U M L , B P M N , O u t i l s : V i s i o , M o d e l i o , R O D I N . G e s t i o n d e p r o j e t : M Ø t h o d e s : A g i l e / S c r u m , K a n b a n , C y c l e p r o j e t : P h a s e s d ’ Ø m e r g e n c e , c a d r a g e , t e s t s e t m i s e e n p r o d u c t i o n , O u t i l s : J i r a , C o n (cid:29) u e n c e , G i t H u b , G i t L a b . D Ø v e l o p p e m e n t & o u t i l s : L a n g a g e s : P y t h o n , R , J a v a , C # , H T M L , C S S , J a v a S c r i p t , E n v i r o n n e m e n t s : J u p y t e r N o t e b o o k , V i s u a l S t u d i o C o d e , S p y d e r , R S t u d i o . S o (cid:27) s k i l l s : A d a p t a b i l i t Ø , e s p r i t d ’ a n a l y s e , a u t o n o m i e , c u r i o s i t Ø e t f o r c e d e p r o p o s i t i o n . L a n g u e s F r a n (cid:231) a i s : b i l i n g u e A n g l a i s : p r o f e s s i o n n e l K a b y l e : l a n g u e m a t e r n e l l e",M1811,Data & IA
CV006,"DATA ANALYSTE / BI ANALYSTE - PILOTAGE RECHERCHE CDI - DISPONIBILITÉ : SEPT 2026 Alexandra Beatrice Timofte CONTACT : +33 7 49 07 10 73 / EMAIL : BETTYTIMOFTE@GMAIL.COM LINKEDIN : BÉATRICE (ALEXANDRA) TIMOFTE Diplômée d’un Master MIAGE, je possède une double compétence en informatique (Systèmes d’Information fiables et Intelligence des données) et en gestion de projet, disposant de 2 ans d’expérience en Data & Business Intelligence, dont une en environnement grand groupe au sein de Crédit Agricole. Spécialisée dans la conception de solutions data de bout en bout (collecte du besoin métier, modélisation, ETL, dataviz et mise en production), j’accompagne les équipes dans le pilotage de la performance et la prise de décision via des outils décisionnels et des indicateurs fiables. Profil opérationnel, orienté impact et prise d’action. EXPÉRIENCE PROFESSIONNELLE CHARGÉE DU PILOTAGE DE LA DONNÉE ET DE L’ACTIVITÉ – ALTERNANCE (M2) CRÉDIT AGRICOLE TRANSITIONS & ÉNERGIES : 2025 - 2026 • Conception et mise en production de dashboards PowerBI pour le pilotage KPI métiers, amélioration de la visibilité des indicateurs • Traduction et formalisation des besoins métiers (équipes : finance, commercial) en solutions data et accompagnement utilisateurs • Automatisation des traitements via Python (structuration et fiabilisation des données) pour des outils data • Développement d’applications et workflows via Power Platform (Power Apps, Power Automate) BUSINESS ANALYST DATA – ALTERNANCE (M1) ESPACE HABITAT : 2024 - 2025 • Conception de Data Warehouse et Data Marts (modélisation + ETL) et développement de dashboards Qlik Sense (KPI, analyses) • Analyse des besoins métiers, rédaction de cahiers des charges pour le pilotage • Développement SQL pour transformation et contrôle des données (Oracle) CHARGÉE DE PROJET INFORMATIQUE – STAGE (L3) ESPACE HABITAT : AVRIL - JUILLET 2024 • Participation à des projets de transformation digitale (ERP, CRM, migration base Oracle) • Contribution à la gestion de projet (recette, tests, mise en production) et support utilisateurs ASSISTANTE RECHERCHE – MACHINE LEARNING - STAGE (L2) LABORATOIRE UNIVERSITAIRE LICIIS: AVRIL - JUIN 2023 • Développement de modèles de Machine Learning (ML), sous TensorFlow en Python, analyse de données (NLP, classification) sur des architectures d’apprentissage fédère (FL) FORMATION Master MIAGE – Méthodes Informatiques Appliquées à la Gestion des Entreprises Université Paris Nanterre (Paris X) - (organisme d’alternance : CFA NUMIA), 2024 – 2026 Licence Informatique – CMII (Cursus Master Ingénierie Informatique) Université de Reims Champagne-Ardenne, 2021 – 2024 COMPÉTENCES DATA & BI : • BI Tools : Qlik Sense, Power BI • Bases de données : OLTP (MySQL, Oracle, MongoDB), OLAP (ElasticSearch) • Visualisation & Analytics : Python, R, SQL • Architecture & ETL : Data Warehouse, Data Mart - QLIK • Outils & Tech : GitHub, Docker, Power Platform • Modélisation des processus métier : BPMN, UML GESTION DE PROJET : • Méthodologies : Agile (backlog, sprints, user stories, business case) • Outils : JIRA, Monday, GitHub Projects • Storytelling : capacité à vulgariser les insights pour les métiers • Connaissance métier : KPIs, ROI, segmentation client SOFT SKILLS : • Communication avec équipes métiers, adaptabilité • Capacité d’analyse et de synthèse LANGUES : • Français : bilingue & Anglais : professionnel (C1) • Roumain (maternel) & Espagnol : débutant (A2) CERTIFICATIONS • TOEIC - certification d’anglais, 2026 • Business Analyste - cursus d’apprentissage Microsoft, 2025 • EF SET - English Certificate, niveau C1 Advanced, 2024 • Microsoft Google Atelier Numérique - 2021 • Oracle Academy - Database Foundations, Design and Programming with SQL, 2020 • ECDL - European Computer Driving Licence, 2019",M1811,Data & IA
CV007,"HIBA GHORBEL Data Scientist · Full-Stack Developer · Business Intelligence ?? hiba.ghorbel5@gmail.com | ?? Sfax, Tunisie | ?? +216 50 740 800 | Hiba Ghorbel PROFIL PROFESSIONNEL Jeune ingénieure en Informatique de Gestion, actuellement en Master SIDATA (Systèmes d'Information et Data Science) à la FSEGS. Spécialisée en Data Science, Machine Learning, Business Intelligence et systèmes décisionnels. Dotée d'une double compétence analytique et développement full-stack, je conçois des solutions basées sur la donnée pour optimiser la prise de décision. Rigoureuse, autonome et orientée résultats, je maîtrise l'ensemble du cycle de vie de la donnée : de la collecte au déploiement de modèles prédictifs. FORMATION Master SIDATA — Systèmes d'Information & Data Science — FSEGS, Sfax 2025 –En cours Licence en Informatique de Gestion — FSEGS, Sfax 2022 – 2025 Baccalauréat — Économie et Gestion — Lycée Tayeb Mhiri 2021 – 2022 • Mention Bien EXPÉRIENCES PROFESSIONNELLES Développeuse Full-Stack (Stagiaire PFE) | BUSINESS SOFTWARE Janvier – Mai 2025 – App mobile (points de vente) : scan code-barres, stock temps réel, notifications push, historique transactions – App web (magasin central) : gestion produits & catégories, approvisionnements, tableau de bord KPIs & statistiques , Auth JWT, gestion des rôles, panel d'administration – Stack : React.js · Node.js · React Native · SQL Server · REST APIs Développeuse Logiciel (Stagiaire) | POLYSOFT Juillet 2024 – Conception et développement d'un système de gestion de stock (C#, SQL Server) Assistante Comptable (Stagiaire) | AVENIR PHARMA Juillet 2023 – Appui à la gestion comptable et saisie des opérations financières PROJETS ACADÉMIQUES & PERSONNELS ? Projet BI — Tableau de bord Supply Chain intelligent avec Chatbot intégré – Conception de dashboards interactifs couvrant stocks, commandes, fournisseurs, livraisons et KPIs logistiques – Pipeline ETL complet avec SSIS, modélisation en schéma Constellation, Data Warehouse SQL Server (SSMS) – Mesures DAX avancées, interface web React.js, backend Node.js avec APIs REST – Intégration d'un chatbot IA dans le dashboard pour l'interprétation des indicateurs des figures et les recommandations ? Projet Data Mining — Prédiction du Retard des Vols – Dataset Kaggle flights_sample : nettoyage, feature engineering, analyse statistique des variables – Entraînement et comparaison de modèles de régression (MAE, RMSE=12min, R²=0.87) sous Jupyter Notebook – Déploiement d'une application interactive avec Streamlit pour la visualisation et l'exploration des prédictions – Stack : Python · Pandas / NumPy · Scikit-learn · Matplotlib / Seaborn · Streamlit · Google Colab ? Analyse de la performance financière et du comportement de paiement – Pipeline ETL (SSIS) + tableau de bord Power BI — Stack : Docker · SQL Server · Visual Studio ? PFE — Système centralisé de gestion des produits — Web & Mobile full-stack – Auth sécurisée, gestion des utilisateurs, notifications de stock, panel d'administration – Stack : React.js · Node.js · React Native · Scan des Code-Barres ? Site de gestion des réparations informatiques – Stack : React JS · Spring Boot . MySQL ? Application mobile de vente en ligne — Montres connectées – Stack : Flutter · Firebase ? Système de location de vélos – Stack : PHP · MySQL COMPÉTENCES TECHNIQUES Data & IA : Python (Pandas, Plotly ,NumPy, Scikit-learn, TensorFlow, Keras, PyTorch), Machine Learning, Deep Learning, NLP, Data Mining BI & ETL : Microsoft Power BI, DAX, SSIS, Talend, Data Warehouse, OLAP, Modélisation dimensionnelle Big Data : Apache Spark, Hadoop, MapReduce, NoSQL (Cassandra, MongoDB) Langages : Python, JavaScript, Java, PHP, C, C#, SQL, HTML/CSS, XML Frameworks Web : React JS, React Native, Vue.js, Node.js, Nest.js, Laravel, Spring Boot, Flutter, Tailwind, Bootstrap Bases de données : SQL Server, MySQL, Oracle, MongoDB DevOps & Outils : Docker, Git, Firebase, VS Code, Android Studio, PHPMyAdmin, Streamlit, Jupyter Notebook Systèmes : Windows, Linux (Ubuntu, CentOS) Méthodologies : Agile Scrum, UML, Modélisation dimensionnelle CERTIFICATIONS ? Getting Started with Deep Learning NVIDIA — Mai 2026 – Compétences : Réseaux de neurones, CNN, entraînement de modèles, GPU, Keras/TensorFlow ? Artificial Intelligence and Machine Learning Fundamentals CDOSS — Mai 2026 – Compétences : Algorithmes ML, classification, régression, évaluation de modèles, feature engineering ? Hadoop Cluster Installation and Administration CDOSS — Mai 2026 – Compétences : Configuration de nœuds, HDFS, YARN, gestion de cluster, haute disponibilité ? Managing Big Data in Hadoop Cluster CDOSS — Déc. 2025 – Compétences : Systèmes distribués, Ingénierie des données, Hadoop Cluster, Big Data ? Design Graphique InnoTwist Academy — 20 heures – Principes fondamentaux du design (typographie, couleurs, composition), identité visuelle & branding – Projets : cartes de visite, affiches publicitaires, mockups, supports visuels professionnels ? Scrum FSEG Sfax — 2024/2025 ? Hacking Éthique & Sécurité Informatique Club The AREA — Décembre 2022 LANGUES Arabe (langue maternelle) Français (courant) Anglais (intermédiaire)",M1889,Data & IA
CV008,"LOISIRSAssociations : ALEA - Organisationafterworks, ateliers d'entretiensLyon, FranceLangages : C++, C, Python, PHP, Java.Base de données : SQL, PostgreSQL, PhpMyAdmin.Outils & DevOps : Docker, Linux, Bash, Shell, Git,CMake, VM.Français ???? (native)Anglais ???? (bilingue)+33(0)6 18 15 41 88 abdyli.a@hotmail.comCONTACTCOMPÉTENCESLANGUESARBESA ABDYLIDÉVELOPPEUSE FULL STACKFORMATIONEXPÉRIENCESTRANSCENDENCE (FULL-STACK) SYSTÈME UNIX - MINISHELL (C) Création d’un shell Unix reproduisant lesfonctionnalités essentielles de Bash avec gestiondes pipes et redirections.SERVEUR IRC (C++) Développement d’un serveur de messagerie entemps réel basé sur le protocole IRC avecgestion multi-clients via sockets TCP/IP.Développeuse issue d’un parcours intensif endéveloppement logiciel et programmationsystème. J’ai travaillé sur des projetstechniques menés de la conception àl’implémentation, en autonomie, avec uneattention particulière portée à la qualité et à lastructuration du code. Curieuse et rigoureuse,j’aime analyser des problèmes complexes etdévelopper des solutions robustes.Albanais ???? (bilingue)Espagnol ???? (intermédiaire)Langages : JavaScript, HTML, CSS.Frameworks & Librairies : React, Django(Template engine), Mlx.Back-end & SystèmeFront-endVoyages, un an de road trip post-diplôme ??Sports, tennis & danseCuisinePROJETS D'INGÉNIERIELOGICIELLEARCHITECTE EN TECHNOLOGIE DU NUMÉRIQUEÉCOLE 42 | LYON, FRANCE | 2022 - 2024LICENCE MATHÉMATIQUES ET INFORMATIQUEAPPLIQUÉESUNIVERSITÉ LUMIÈRE LYON 2 | LYON, FRANCE |2018 – 2022ASSISTANTE ORGANISATION ETCOORDINATION OPÉRATIONNELLEAFNET | LYON, FRANCE | OCTOBRE 2025 -JANVIER 2026Gestion des workflows via Notion, automatisationdu suivi des tâches et coordination des équipespour optimiser l’organisation interne.EXTRASLYON, FRANCE | JANVIER 2026 - AUJOURD’HUIÉvénementiel, Restauration / Hôtellerie, CommerceDéveloppement d’une plateforme de jeu Pongen ligne avec architecture microservices, APIsécurisées et intelligence artificielle adverse.https://www.linkedin.com/in/arbesa-abdyli",M1855,Développement logiciel
CV009,"Nathan Georges Technicien Helpdesk N1/N2 — IT Support Technician | Travailleur frontalier (Permis G) Email : nathan.georges074@gmail.com Tel : +33 6 83 82 49 94 (FR) Localisation : Annemasse (74) — Frontalier CH LinkedIn : linkedin.com/in/nathangeorges Disponible : octobre 2026 | Permis B — vehicule personnel PROFIL IT Support Technician avec 3 ans d'experience en Helpdesk N1/N2 et administration systemes dans un environnement professionnel exigeant (Gendarmerie nationale). Specialise en support utilisateurs presentiel et a distance (remote troubleshooting via SSH, RustDesk, PuTTY), gestion de parc informatique (1 400 postes), support de 1 200 utilisateurs et traitement de 50 tickets/semaine via outil de ticketing. A l'aise sur Windows 10/11, Windows Server (Active Directory, DNS, DHCP), Linux (Ubuntu, Debian) et environnements reseau TCP/IP. Anglais technique B2 (technical documentation reading). Recherche un CDI en Suisse en tant que travailleur frontalier — disponible debut octobre 2026. COMPETENCES TECHNIQUES Support & Helpdesk Systemes Reseaux Outils Langues EXPERIENCES PROFESSIONNELLES Support N1/N2 · Diagnostic a distance (SSH, RustDesk, PuTTY) · Ticketing · Deploiement postes · Remote troubleshooting Windows 10/11 · Windows Server (AD, DNS, DHCP, GPO) · Linux (Ubuntu, Debian) TCP/IP · Switch Cisco & Allied Telesis · Routeurs · VPN · VLAN Ansible · VMware · VirtualBox · Pack Office · Teams · Outlook Francais (natif) · Anglais B2 — technical documentation reading Technicien Helpdesk N1/N2 — IT Support Technician Gendarmerie Nationale — Orleans Sept. 2023 — Aujourd'hui (cid:127) Support utilisateurs N1/N2 en presentiel et a distance — SSH, RustDesk (remote troubleshooting) (cid:127) Gestion d'un parc de 1 400 postes Windows 10/11 en environnement Active Directory (cid:127) Traitement de ~50 tickets/semaine via outil de ticketing interne (cid:127) Deploiement et configuration de postes de travail (imaging, GPO) (cid:127) Administration Linux : installation, configuration et maintenance de serveurs Ubuntu/Debian Installation et configuration d'equipements reseau (Switch Allied Telesis & Cisco, routeurs, VPN) (cid:127) Redaction de procedures et documentation technique Equipier Polyvalent McDonald's — Orleans (cid:127) Travail en equipe (4 a 20 personnes), gestion du stress en periode de forte affluence (cid:127) Application des normes d'hygiene et de securite alimentaire (HACCP) Cadet de la Defense Ecole Militaire — Bourges (cid:127) Formation a la rigueur, la discipline et l'esprit d'equipe en milieu militaire Sept. 2022 — Juil. 2025 Sept. 2016 — Juil. 2017 FORMATIONS & DIPLOMES Titre RNCP Niveau 6 — Administrateur Systemes & Reseaux 2025 — 2026 CESI Orleans — equiv. Bachelor / HES-SO niveau 6 | En cours (cid:127) Titre RNCP Niveau 5 — Gestionnaire Maintenance & Support Informatique (GMSI) 2023 — 2025 CESI Orleans — equiv. Bac+2 / Technicien superieur / CFC niveau 5 | Obtenu Baccalaureat Technologique STMG — Option Gestion Finance 2021 Lycee Marguerite de Navarre — Bourges INFORMATIONS COMPLEMENTAIRES Mobilite Permis B · Vehicule personnel · Disponible pour poste frontalier (Permis G a obtenir) Centres d'interet Informatique & veille technologique · Volleyball · Musculation",M1802,Infrastructure & Réseaux
CV010,GABRIEL LEGEAIS Administrateur informatique qualifié et expérimenté avec 7 ans d'expérience dans la gestion et l'optimisation e,M1802,Infrastructure & Réseaux
CV011,"DYHIAMAJOTI Gestion des certificats SSL/TLS (renouvellement, coordination) et mise en place d'un POC d'obfuscation pour protéger les applications contre la rétro-ingénierie. Mise en place de pratiques DevSecOps et gestion des mesures de sécurité pour une application legacy.",M1812,Cybersécurité
CV012,"Participation à des projets de transformation digitale (ERP, CRM, migration base Oracle). Contribution à la gestion de projet : recette, tests, mise en production et support utilisateurs. Rédaction de cahiers des charges et suivi des phases de mise en production.",M1806,Pilotage & gestion
CV013,"Ingénieur DevOps senior. Supervision d'une équipe de DevOps, mise en place de pipelines CI/CD pour une plateforme SaaS utilisée par des millions d’utilisateurs, collaboration avec les développeurs pour déployer de nouvelles fonctionnalités et optimisation de la performance et de la sécurité des composants, Conception et mise en œuvre de solutions d’intégration et de déploiement pour des applications web et maintenance des infrastructures cloud (AWS, Azure). Automatisation des tâches récurrentes avec des scripts Python/Bash et formation des développeurs aux bonnes pratiques ",M1827,Cloud & DevOps
CV014,"Architecte cloud expérimenté. Conception et déploiement de solutions réseau pour des clients variés et responsabilité de la sécurité réseau avec mise en œuvre de Amir 26 ans, solutions de détection et de prévention d’intrusion Supervision et mentorat d’une équipe d’ingénieurs réseaux et participation à la définition de la stratégie en  Intégration de nouvelles technologies et gestion de projets de migration vers le cloud (AWS, Azure) en optimisant les performances grâce à la virtualisation (VMware, Hyper?V)",M1860,Cloud & DevOps
CV015,"ThomasRomain, 0679435688, Ingénieur fiabilité et cloud (SRE). Mise en place et maintien de pipelines CI/CD pour des applications critiques, gestion des infrastructures cloud (AWS, Azure, Google Cloud) et supervision de leur disponibilité, Mise en place de scripts d’automatisation et de surveillance pour garantir la performance et résoudre rapidement les incident.Collaboration avec les équipes de développement et pilotage des initiatives de performance et sécurité en productionhttps",M1879,Cloud & DevOps
CV016,"AxelBLANCHARD, 0678987655, Consultant DevOps & FinOps. Optimisation des coûts et des performances des infrastructures cloud en automatisant la configuration et la maintenance avec des outils CI/CD tels que Jenkins et GitLab CIAdministration des systèmes Linux, Docker et Kubernetes et gestion des bases de données (MySQL, PostgreSQL, MongoDB Mise en place de politiques de sécurité et de surveillance et formation des équipes aux meilleures pratiques DevOps",M1827,Cloud & DevOps
CV017,"SiphaxZENIA, 0789765545, Développeur front?end senior. Optimisation des fonctionnalités d’une plateforme web, amélioration de l’accessibilité, de l’ergonomie et du référencement, et création d’outils intégrés à la communication interne. Spécialisation dans l’ergonomie et la qualité de la navigation des sites clients, analyse des interfaces et adaptation de sites et d’applications webhttps. Responsabilité du cycle complet de développement et participation à des projets en équipe pluridisciplinaire.",M1855,Développement logiciel
CV018,"Dillanturpin, Développeur full?stack senior. Conception et développement d’applications web complexes pour des clients des secteurs finance, e?commerce et services, rôle de leadership technique et mentorat d’une équipe de développeurshttps. Intégration continue et déploiement de nouvelles fonctionnalités en respectant les normes de qualité et sécurité, collaboration avec les équipes produits et veille technologique pour adopter de nouvelles technologies. Responsabilité du cycle complet de développement, de la conception à la mise en production et rédaction de documentation technique.",M1855,Développement logiciel
CV019,"Manil DIAF, 0760336798, Développeur web et mobile. Développement de sites web et d’applications avec responsabilité du cycle complet de développement, de la conception à la mise en production; Élaboration de projets au sein d’équipes pluridisciplinaires, création de concepts web personnalisés et sur?mesure et implémentation de sites web responsive optimisés pour l’univers mobile. Contacts clients, analyse et traduction des besoins et planification de projetshttps",M1805,Développement logiciel
CV020,"EricBALAR Administrateur système principal. Responsable de la gestion et de la maintenance des infrastructures informatiques multisites, supervision d’une équipe de 5 administrateurs et conception de projets de migration vers le cloud (AWS, Azure), Optimisation des performances et de la disponibilité grâce à la virtualisation (VMware, Hyper?V), gestion des sauvegardes et de la sécurité, y compris les politiques de chiffrement et de protection des données. Formation et accompagnement des équipes techniques et des utilisateurs sur les bonnes pratiques de sécurité et de gestion des systèmes",M1802,Infrastructure & Réseaux
CV021,"Ingénieur réseau. Installation, configuration et maintenance de dispositifs réseaux pour des entreprises de taille moyenne, gestion de projets d’intégration réseau de bout en bout en collaboration avec les clientshttps Définition et application des politiques de sécurité pour prévenir les cyberattaques et formation régulière aux dernières technologies et méthodologies du secteur Support technique niveau 3 pour les incidents réseau complexes, maîtrise des protocoles réseau et des solutions de virtualisation et cloudarchitecte-reseau",M1804,Infrastructure & Réseaux
CV022,"RichardPiffariti, Technicien support informatique. Supervision d’une équipe de techniciens, gestion et optimisation des infrastructures virtualisées avec VMware et Hyper?V, administration des serveurs Windows et Linux et gestion des sauvegarde Support technique de niveau 2 pour résoudre les problèmes matériels, logiciels et réseau et élaboration de politiques et procédures pour améliorer l’efficacité opérationnelle",M1817,Infrastructure & Réseaux
CV023,"Yann Cam\nAdresse : Rennes (35000), France – Télétravail\nTéléphone : 06 78 91 23 04\\n\nTitre : Consultant cybersécurité indépendant / hacker éthique\n\nDepuis 2024 – BZHunt (Brest/Rennes) : hacker éthique et auditeur cybersécurité. Réalisation d’audits offensifs (tests d’intrusion, Red Team) pour des cibles web, mobiles, clients lourds, LAN/DMZ/Wifi et Active Directory, participation à des compétitions de bug bounty et identification de vulnérabilités lors de Live Hacking Eventsyann.cam/files/CV-Resume-Yann_CAM-FR.pdf#:~:text=HACKER%20ETHIQUE%20%2F%20INGENIEUR%20CYBERSECURITE,BZHUNT%20%E2%80%93%20BREST%2FRENNES%2C%20FRANCE%2C%20Remote.\n\nDepuis 2018 – Consultant cybersécurité indépendant (Rennes) : audits de sécurité internes/externes, tests OSINT et audits de configuration pour des cibles web, mobiles et industrielles, formateur en cybersécurité (sensibilisation et expertise offensive avec challenges/CTF)yann.cam/files/CV-Resume-Yann_CAM-FR.pdf#:~:text=CONSULTANT%20CYBERSECURITE%20INDEPENDANT%20,2018%2B%20RENNES%2C%20FRANCE%2C%20Remote.\n\n2012?2022 – Synetis (Rennes) : consultant cybersécurité senior. Orchestration et réalisation d’audits techniques (intrusions, architecture, configuration, code source, Red Team, phishing, cryptanalyse), interventions forensic et intégration de solutions IAM, SSO, MFA, DLP, SIEMyann.cam/files/CV-Resume-Yann_CAM-FR.pdf#:~:text=CONSULTANT%20CYBERSECURITE%20SENIOR%202012,%E2%80%93%20RENNES%2C%20FRANCE. Responsable d’audit et formateur (2019?2022), pentester et lead auditor (2014?2019) et consultant sécurité (2012?2014)yann.cam/files/CV-Resume-Yann_CAM-FR.pdf#:~:text=Consultant%20S%C3%A9curit%C3%A9%20Senior%20%3A%20Lead,2014.\n\nDepuis 2016 – École Polytechnique de l’Université de Nantes : formateur vacataire en sécurité offensive (cours magistraux et travaux pratiques sous forme de challenges CTF)yann.cam/files/CV-Resume-Yann_CAM-FR.pdf#:~:text=FORMATEUR%20%2F%20ENSEIGNANT%20VACATAIRE%20%E2%80%93,L%E2%80%99UNIVERSITE%20DE%20NANTES%20%E2%80%93%20FRANCE.\n\nFormation : Diplôme d’ingénieur en Systèmes Informatiques, Logiciels, Réseaux et Sécurité (2009?2012, Polytech’Nantes) ; DUT Informatique (2007?2009)yann.cam/files/CV-Resume-Yann_CAM-FR.pdf#:~:text=2009,de%20l%E2%80%99Universit%C3%A9%20de%20Nantes%2044000.\n\nProfil : Passionné par la cybersécurité depuis les années 2000, avec plus de 15 ans d’expérience en hacking éthique, conseil, audit et formationyann.cam/files/CV-Resume-Yann_CAM-FR.pdf#:~:text=%C2%AB%20Passionn%C3%A9%20par%20la%20CyberS%C3%A9curit%C3%A9,%C3%A0%20la%20s%C3%A9curisation%20de%20plusieurs.",M1866,Cybersécurité
CV024,"Pentester / testeur d’intrusion. Simulation d’attaques pour évaluer les défenses, mise en œuvre de solutions de détection et de prévention des intrusions et participation active à la définition de la stratégie de sécuritéhttps://www.creeruncv.com/exemple-de-cv/architecte-reseau/#:~:text=,collaboration%20avec%20les%20%C3%A9quipes%20dirigeantes. Installation et maintenance de dispositifs réseau sécurisés, définition et application de politiques de sécurité pour prévenir les cyberattaques et formation des équipes aux meilleures pratiqueshttps://www.creeruncv.com/exemple-de-cv/architecte-reseau/#:~:text=Ing%C3%A9nieur%20R%C3%A9seau%2C%20NetSolutions%2C%20Lyon%20%E2%80%94,2012. Veille technologique constante et intégration de nouvelles technologies de cybersécuritéhttps://www.creeruncv.com/exemple-de-cv/architecte-reseau/#:~:text=,et%20int%C3%A9gration%20de%20nouvelles%20technologies.",M1866,Cybersécurité
CV025,"MerouneMEHIDI, Consultant en sécurité des systèmes d’information. Responsable de la sécurité réseau et mise en place de solutions de détection et de prévention des intrusions, supervision d’équipes et mentorat d’ingénieurs réseaux. Évaluation des besoins des clients, conception de politiques de sécurité adaptées et intégration de nouvelles technologies pour améliorer la protection des systèmes Formation et sensibilisation des collaborateurs aux risques de cyberattaques et aux bonnes pratiques de sécurité",M1882,Cybersécurité
CV026,"FredericGabin,Analyste SOC. Participation à des projets de sécurité, mise en œuvre de solutions de détection et prévention d’intrusions, surveillance des alertes et réponse aux incidents Collaboration avec les équipes réseau et cloud pour assurer une défense intégrée, définition des politiques de sécurité et participation à la stratégie réseau de l’entreprise. Formation continue pour rester à jour sur les méthodes d’attaque et les technologies de défense, mentorat des équipes et support technique niveau ",M1883,Cybersécurité
CV027,"ThomasMIGUELLE, Chef de projet informatique sénior. Coordination de la politique informatique de l’entreprise en lien avec son évolution digitale, chef d’équipe membre du comité de direction et création de projets en collaboration avec la direction Suivi de la migration de serveurs et mise en place d’un nouvel outil de gestion comptable pour des centaines de salariés, étude de faisabilité des projets et gestion des équipess.Mise en place de formations et rédaction de comptes?rendus pour conseiller la direction sur les besoins logiciels et cloud.",M1813,Pilotage & gestion
CV028,"NICOLAS MARION,Product Owner / Scrum Master. Coordination de projets informatiques en respectant les méthodologies Agile et Scrum, planification et veille constante sur l’actualité informatique, Collaboration avec les équipes développement et UX pour définir les besoins utilisateurs et intégrer des solutions adaptées, suivi des sprints et priorisation des fonctionnalités. Conduite de la veille technologique et formation des équipes, avec un excellent relationnel et capacité à expliquer les solutions aux parties prenantes",M1864,Pilotage & gestion
CV029,"Moucharaph OKE\nAdresse : Av Pablo Picasso, 92000 Nanterre, France\nTéléphone : 07 50 57 38 03\nEmail : okemoucharaph@gmail.com\n\nDiplômes : Master Data Science for Social Sciences (2020?2022) et Licence Économie & Gestion (2019?2020) à l’Université Paris Nanterre, Licence Économie appliquée à l’Université du Bénin (2012?2016).\n\nProjets : construction d’une base de données après web?scraping et modélisation logistique pour étudier l’introduction en bourse des PME françaisesbeta.u-strasbg.fr/CV/Moucharaph%20OKE_C.pdf#:~:text=D%C3%A9terminants%20d%E2%80%99introduction%20en%20bourse%20des,Studio ; création d’une base de données relationnelle pour le stationnement à Paris (importation open data, conception et mise à jour des tables)beta.u-strasbg.fr/CV/Moucharaph%20OKE_C.pdf#:~:text=stationnement%20dans%20la%20ville%20de,jour%20et%20modification%20des%20tables ; projet de machine learning pour détecter le diabète chez une population indienne avec KNN et régression logistiquebeta.u-strasbg.fr/CV/Moucharaph%20OKE_C.pdf#:~:text=Machine%20Learning%20,Knn%20et%20r%C3%A9gression%20logistique.\n\nExpériences : assistant d’éducation au lycée Guy de Maupassant à Colombes (2020)beta.u-strasbg.fr/CV/Moucharaph%20OKE_C.pdf#:~:text=EXPERIENCES%20PROFESSIONNELLES%20Assistance%20d%E2%80%99%C3%A9ducation%2C%20Lyc%C3%A9e,2020 ; agent d’information et d’orientation pour la SNCF/RATP (2019)beta.u-strasbg.fr/CV/Moucharaph%20OKE_C.pdf#:~:text=City%20one%2C%20accueil%20passager%20Paris,Assistant%20charg%C3%A9%20d%E2%80%99%C3%A9tude ; assistant chargé d’étude économique et statistique à l’INSAE (2017?2018), avec enquêtes, construction d’échantillons et analyses de donnéesbeta.u-strasbg.fr/CV/Moucharaph%20OKE_C.pdf#:~:text=%C3%A9conomique%20et%20statistique%20%7C%202017,B%C3%A9nin.\n\nCompétences : Deep learning, Data Lake, Machine Learning, modèles logit/probit, web?scraping, régression multiple, NLP ; bases de données SQL (MariaDB) et NoSQL (MongoDB) ; Python, R?Studio, Neo4j, Elasticsearchbeta.u-strasbg.fr/CV/Moucharaph%20OKE_C.pdf#:~:text=%2B33%207%2050%2057%2038,03.\n\nLangues : Français (bilingue), Anglais (opérationnel)beta.u-strasbg.fr/CV/Moucharaph%20OKE_C.pdf#:~:text=Langues%20%3A.\n\nProfil : Data scientist/analyst junior en recherche de CDD/CDI, passionné par la science des données et la modélisationbeta.u-strasbg.fr/CV/Moucharaph%20OKE_C.pdf#:~:text=Data%20Scientist%2FAnalyst%20Titulaire%20du%20dipl%C3%B4me,que%20data%20scientist%2Fanalyst%20%20junior.",M1811,Data & IA
CV030,"Baptiste Martin\nAdresse : Noyon (60400), France\nTéléphone : 06 78 56 34 21\nEmail : baptiste.cyber@agesys.fr\n\nTitre : Ingénieur Cybersécurité\n\nDepuis mai 2023 – AGESYS (Noyon) : expertise en cybersécurité et support RSSI. Réalisation d’audits de sécurité et plans de remédiation, sécurisation d’Active Directory (hardening et mise en place du modèle Tiering), mise en conformité des systèmes d’information et installation de solutions de sécurité (UTM, EPP, EDR, XDR, Cyberwatch, VadeSecure, AvePoint, Tenable). Formation et sensibilisation des utilisateurs. Mise en œuvre d’un centre des opérations de sécurité (SOC)www.agesys.fr/wp-content/uploads/2024/07/CV-Baptiste.pdf#:~:text=Ing%C3%A9nieur%20Cybers%C3%A9curit%C3%A9%20Depuis%20mai%202023,D%C3%A9veloppeur%20%2F%20Administrateur%20Syst%C3%A8me.\n\nSept 2021 – mai 2023 – Webilo (Compiègne) : administrateur système et sécurité de l’infrastructure, développement full?stack (API, web, mobile), déploiement d’applications en production, administration du datacenter et des serveurs, création d’une application de monitoring connectée au SDK VMware vCenter, maintenance et support clientswww.agesys.fr/wp-content/uploads/2024/07/CV-Baptiste.pdf#:~:text=D%C3%A9veloppeur%20%2F%20Administrateur%20Syst%C3%A8me%20De,serveurs%20connect%C3%A9%20au%20SDKVMware%20vCenter.\n\nJuil 2019 – juil 2021 – WebexpR (Compiègne) : développement et gestion de sites Wordpress, sécurité et maintenance, administration via Plesk, relation clientwww.agesys.fr/wp-content/uploads/2024/07/CV-Baptiste.pdf#:~:text=Int%C3%A9grateur%20,Communication%20et%20relation%20client.\n\nFormation : Cycle Expert Manager en Infrastructures et Cybersécurité (2022?2024, CESI) ; Licence Cybersécurité (2021?2022, CNAM) ; BTS SIO SLAM (2019?2021) avec mise en œuvre d’outils de sécurité, développement d’applications sécurisées et audits informatiqueswww.agesys.fr/wp-content/uploads/2024/07/CV-Baptiste.pdf#:~:text=P%20A%20R%20C%20O,des%20utilisateurs%2C%20maintenance%20des%20programmes.\n\nCertifications : WatchGuard Network Security Essentials, AWS Academy Cloud Foundations, Certificat d’analyste cybersécurité (CNAM)www.agesys.fr/wp-content/uploads/2024/07/CV-Baptiste.pdf#:~:text=C%20E%20R%20T%20I,B1.\n\nLangues : Espagnol (niveau lycée), Anglais (TOEIC 755)www.agesys.fr/wp-content/uploads/2024/07/CV-Baptiste.pdf#:~:text=L%20A%20N%20G%20U,Lyc%C3%A9e.",M1844,Cybersécurité
CV031,"Yann Cam\nAdresse : Rennes (35000), France – Télétravail\nTéléphone : 06 78 91 23 04\\n\nTitre : Consultant cybersécurité indépendant / hacker éthique\n\nDepuis 2024 – BZHunt (Brest/Rennes) : hacker éthique et auditeur cybersécurité. Réalisation d’audits offensifs (tests d’intrusion, Red Team) pour des cibles web, mobiles, clients lourds, LAN/DMZ/Wifi et Active Directory, participation à des compétitions de bug bounty et identification de vulnérabilités lors de Live Hacking Eventsyann.cam/files/CV-Resume-Yann_CAM-FR.pdf#:~:text=HACKER%20ETHIQUE%20%2F%20INGENIEUR%20CYBERSECURITE,BZHUNT%20%E2%80%93%20BREST%2FRENNES%2C%20FRANCE%2C%20Remote.\n\nDepuis 2018 – Consultant cybersécurité indépendant (Rennes) : audits de sécurité internes/externes, tests OSINT et audits de configuration pour des cibles web, mobiles et industrielles, formateur en cybersécurité (sensibilisation et expertise offensive avec challenges/CTF)yann.cam/files/CV-Resume-Yann_CAM-FR.pdf#:~:text=CONSULTANT%20CYBERSECURITE%20INDEPENDANT%20,2018%2B%20RENNES%2C%20FRANCE%2C%20Remote.\n\n2012?2022 – Synetis (Rennes) : consultant cybersécurité senior. Orchestration et réalisation d’audits techniques (intrusions, architecture, configuration, code source, Red Team, phishing, cryptanalyse), interventions forensic et intégration de solutions IAM, SSO, MFA, DLP, SIEMyann.cam/files/CV-Resume-Yann_CAM-FR.pdf#:~:text=CONSULTANT%20CYBERSECURITE%20SENIOR%202012,%E2%80%93%20RENNES%2C%20FRANCE. Responsable d’audit et formateur (2019?2022), pentester et lead auditor (2014?2019) et consultant sécurité (2012?2014)yann.cam/files/CV-Resume-Yann_CAM-FR.pdf#:~:text=Consultant%20S%C3%A9curit%C3%A9%20Senior%20%3A%20Lead,2014.\n\nDepuis 2016 – École Polytechnique de l’Université de Nantes : formateur vacataire en sécurité offensive (cours magistraux et travaux pratiques sous forme de challenges CTF)yann.cam/files/CV-Resume-Yann_CAM-FR.pdf#:~:text=FORMATEUR%20%2F%20ENSEIGNANT%20VACATAIRE%20%E2%80%93,L%E2%80%99UNIVERSITE%20DE%20NANTES%20%E2%80%93%20FRANCE.\n\nFormation : Diplôme d’ingénieur en Systèmes Informatiques, Logiciels, Réseaux et Sécurité (2009?2012, Polytech’Nantes) ; DUT Informatique (2007?2009)yann.cam/files/CV-Resume-Yann_CAM-FR.pdf#:~:text=2009,de%20l%E2%80%99Universit%C3%A9%20de%20Nantes%2044000.\n\nProfil : Passionné par la cybersécurité depuis les années 2000, avec plus de 15 ans d’expérience en hacking éthique, conseil, audit et formationyann.cam/files/CV-Resume-Yann_CAM-FR.pdf#:~:text=%C2%AB%20Passionn%C3%A9%20par%20la%20CyberS%C3%A9curit%C3%A9,%C3%A0%20la%20s%C3%A9curisation%20de%20plusieurs.",M1866,Cybersécurité
